Sample,Frame_number,Mouth Vertical Range
0,2739,65.35620944
1,2738,64.78893388
2,2737,64.26682351
3,2736,63.78827716
4,2735,63.35169365
5,2734,62.95547182
6,2733,62.59801049
7,2732,62.27770849
8,2731,61.99296466
9,2730,61.74217781
10,2729,61.52374678
11,2728,61.33607039
12,2727,61.17754749
13,2726,61.04657688
14,2725,60.94155741
15,2724,60.8608879
16,2723,60.80296718
17,2722,60.76619407
18,2721,60.74896742
19,2720,60.74968604
20,2719,60.76674877
21,2718,60.79855442
22,2717,60.84350184
23,2716,60.89998986
24,2715,60.96641729
25,2714,61.04118296
26,2713,60.96804223
27,2712,61.09390067
28,2711,61.25179007
29,2710,61.38411259
30,2709,61.51856715
31,2708,61.47221474
32,2707,61.49335861
33,2706,61.27256891
34,2705,61.27490343
35,2704,61.26360076
36,2703,61.11130899
37,2702,61.17370368
38,2701,61.23698614
39,2700,61.40818513
40,2699,61.60854904
41,2698,61.55660603
42,2697,61.39373724
43,2696,61.52176161
44,2695,61.66615937
45,2694,61.90750341
46,2693,61.90225522
47,2692,61.77511512
48,2691,61.67373265
49,2690,61.75190482
50,2689,61.74893193
51,2688,61.71061362
52,2687,61.91302737
53,2686,61.95742784
54,2685,62.00377712
55,2684,62.09310707
56,2683,62.24355387
57,2682,62.64540693
58,2681,62.88544581
59,2680,63.41092199
60,2679,63.77787159
61,2678,64.43237344
62,2677,65.15017731
63,2676,65.98539919
64,2675,66.64485731
65,2674,67.36185173
66,2673,68.19930737
67,2672,68.80545184
68,2671,69.48772931
69,2670,70.71355126
70,2669,71.82839096
71,2668,72.88635522
72,2667,74.10885661
73,2666,75.09926971
74,2665,76.0477553
75,2664,76.9998852
76,2663,77.9284892
77,2662,79.20188781
78,2661,80.26198745
79,2660,81.01222042
80,2659,81.78093611
81,2658,82.52531872
82,2657,83.53091127
83,2656,84.31200351
84,2655,85.29869721
85,2654,86.07782304
86,2653,87.0813676
87,2652,88.25295371
88,2651,89.31899586
89,2650,90.43878495
90,2649,91.44967036
91,2648,92.30572159
92,2647,93.04760473
93,2646,94.07098696
94,2645,94.72991014
95,2644,95.35856498
96,2643,96.06341135
97,2642,96.45980702
98,2641,97.00212347
99,2640,97.5307706
100,2639,98.08165238
101,2638,98.54690424
102,2637,99.00218864
103,2636,99.3853695
104,2635,100.0937279
105,2634,100.4614767
106,2633,101.0938445
107,2632,101.3771215
108,2631,101.6950014
109,2630,101.9626559
110,2629,102.2218322
111,2628,102.7036181
112,2627,103.120945
113,2626,103.1881079
114,2625,103.227619
115,2624,103.4741464
116,2623,103.9526198
117,2622,104.1390859
118,2621,104.3613428
119,2620,104.520172
120,2619,104.4844597
121,2618,104.3708981
122,2617,104.2301379
123,2616,104.2787562
124,2615,104.0356235
125,2614,104.0714658
126,2613,104.0571556
127,2612,104.1911763
128,2611,104.0002787
129,2610,103.7526234
130,2609,103.7261387
131,2608,103.6765986
132,2607,103.5920811
133,2606,103.5465115
134,2605,103.5129958
135,2604,103.3868548
136,2603,103.2919362
137,2602,102.9978348
138,2601,102.945113
139,2600,102.8937181
140,2599,102.8477004
141,2598,102.543808
142,2597,102.201817
143,2596,102.0493906
144,2595,101.5797812
145,2594,101.2323594
146,2593,100.9280155
147,2592,100.4035575
148,2591,100.1288056
149,2590,100.0137211
150,2589,99.98376595
151,2588,99.91932485
152,2587,99.85320297
153,2586,99.89391003
154,2585,99.80912724
155,2584,99.39697048
156,2583,99.3216496
157,2582,99.21405557
158,2581,99.29430533
159,2580,99.39466694
160,2579,99.40267404
161,2578,99.65097429
162,2577,99.43270166
163,2576,99.40937407
164,2575,99.49869246
165,2574,99.83675536
166,2573,99.90549973
167,2572,99.94954098
168,2571,99.96717342
169,2570,100.1429225
170,2569,100.3815537
171,2568,100.7064435
172,2567,100.8424169
173,2566,101.1332561
174,2565,101.231818
175,2564,101.4339801
176,2563,101.5655098
177,2562,101.6085468
178,2561,101.5222786
179,2560,101.4029538
180,2559,101.2990593
181,2558,101.2085378
182,2557,101.1070161
183,2556,101.1261992
184,2555,101.1564963
185,2554,101.0008722
186,2553,100.9486133
187,2552,101.027733
188,2551,101.1669258
189,2550,101.2740907
190,2549,101.3411694
191,2548,101.3668615
192,2547,101.3233323
193,2546,101.1769172
194,2545,101.1090292
195,2544,101.0590208
196,2543,100.8602498
197,2542,100.9396839
198,2541,100.8474249
199,2540,100.8468219
200,2539,100.7420593
201,2538,100.6273364
202,2537,100.5559837
203,2536,100.7828342
204,2535,100.7377773
205,2534,100.9589783
206,2533,101.4993721
207,2532,101.9721471
208,2531,102.011887
209,2530,102.1444423
210,2529,102.4613547
211,2528,103.0780572
212,2527,103.6070565
213,2526,104.0293839
214,2525,104.3173495
215,2524,104.6795905
216,2523,104.6977221
217,2522,104.5365379
218,2521,104.2004439
219,2520,103.6702086
220,2519,103.0519309
221,2518,102.4969276
222,2517,101.5076818
223,2516,100.7482937
224,2515,99.76186161
225,2514,98.37103233
226,2513,97.1298673
227,2512,95.78298987
228,2511,94.15778352
229,2510,92.75210557
230,2509,91.1718977
231,2508,89.56174732
232,2507,87.97905617
233,2506,86.37758555
234,2505,84.71968612
235,2504,82.93652283
236,2503,81.32416382
237,2502,79.70342757
238,2501,77.92749583
239,2500,76.37150048
240,2499,74.65589195
241,2498,72.90477984
242,2497,71.25186317
243,2496,69.66680837
244,2495,68.21143303
245,2494,66.7461671
246,2493,65.37280578
247,2492,64.37114588
248,2491,63.20236115
249,2490,62.42728379
250,2489,61.80314935
251,2488,61.37508958
252,2487,61.08922239
253,2486,60.95499716
254,2485,60.58021905
255,2484,60.62049339
256,2483,60.76545972
257,2482,60.77463411
258,2481,60.95549258
259,2480,61.50811047
260,2479,62.12571163
261,2478,62.66404852
262,2477,63.01429668
263,2476,63.19830661
264,2475,63.63109594
265,2474,63.9243658
266,2473,64.11854041
267,2472,64.3783375
268,2471,64.53105785
269,2470,64.80929088
270,2469,65.03844923
271,2468,65.330132
272,2467,65.42485884
273,2466,65.67335825
274,2465,65.6980123
275,2464,65.68132071
276,2463,65.81892658
277,2462,65.9266536
278,2461,65.83337221
279,2460,65.89191975
280,2459,65.7643945
281,2458,65.88360913
282,2457,65.96291656
283,2456,65.99655391
284,2455,65.95991096
285,2454,66.00792956
286,2453,66.01655122
287,2452,66.01610848
288,2451,66.05938024
289,2450,66.09705587
290,2449,66.12331997
291,2448,66.10135635
292,2447,66.10563404
293,2446,66.04651391
294,2445,65.97846691
295,2444,65.92819046
296,2443,65.83519635
297,2442,65.73136353
298,2441,65.66820584
299,2440,65.63006431
300,2439,65.52466789
301,2438,65.37860409
302,2437,65.14423071
303,2436,64.99790741
304,2435,64.81569407
305,2434,64.84763031
306,2433,64.98709537
307,2432,64.90874224
308,2431,64.89803881
309,2430,64.83298674
310,2429,64.77261039
311,2428,64.75365005
312,2427,64.65896111
313,2426,64.69917456
314,2425,64.72099331
315,2424,64.65895074
316,2423,64.6233191
317,2422,64.65542379
318,2421,64.60106431
319,2420,64.63863594
320,2419,64.57133142
321,2418,64.62668308
322,2417,64.56961183
323,2416,64.53859096
324,2415,64.50126964
325,2414,64.46341269
326,2413,64.34525758
327,2412,64.32871174
328,2411,64.35052248
329,2410,64.39617228
330,2409,64.44130261
331,2408,64.49789544
332,2407,64.47510676
333,2406,64.45247303
334,2405,64.45635419
335,2404,64.52704344
336,2403,64.51658141
337,2402,64.51346339
338,2401,64.54495981
339,2400,64.55124633
340,2399,64.58383669
341,2398,64.57623332
342,2397,64.7233103
343,2396,64.70518862
344,2395,64.66823552
345,2394,64.8556198
346,2393,64.82240604
347,2392,64.74012771
348,2391,64.66721038
349,2390,64.75999348
350,2389,64.64036528
351,2388,64.58694278
352,2387,64.72852413
353,2386,64.75274149
354,2385,64.68929362
355,2384,64.67593513
356,2383,64.62121864
357,2382,64.43996799
358,2381,64.42374168
359,2380,64.3521037
360,2379,64.29369844
361,2378,64.24912643
362,2377,64.29729298
363,2376,64.35712552
364,2375,64.3922648
365,2374,64.42435483
366,2373,64.4075109
367,2372,64.40659058
368,2371,64.46242634
369,2370,64.51516519
370,2369,64.56128602
371,2368,64.62400215
372,2367,64.42249431
373,2366,64.24972522
374,2365,64.00318034
375,2364,63.78091797
376,2363,63.64728406
377,2362,63.61868762
378,2361,63.58783448
379,2360,63.58251772
380,2359,63.59877776
381,2358,63.69908659
382,2357,63.89175984
383,2356,63.97238409
384,2355,64.17013424
385,2354,64.50352066
386,2353,64.99831264
387,2352,65.62395523
388,2351,66.60725777
389,2350,67.44679912
390,2349,68.48546972
391,2348,69.61618063
392,2347,70.84254376
393,2346,71.98160999
394,2345,73.3594273
395,2344,74.89281719
396,2343,76.2511138
397,2342,77.83203129
398,2341,79.53259814
399,2340,81.2924745
400,2339,82.87776465
401,2338,84.72182841
402,2337,86.52647784
403,2336,88.17952723
404,2335,89.97746914
405,2334,91.81991085
406,2333,93.64329294
407,2332,95.43520898
408,2331,97.12751202
409,2330,98.79226669
410,2329,100.3544009
411,2328,101.9524667
412,2327,103.4351655
413,2326,104.7855185
414,2325,106.0564357
415,2324,107.1826398
416,2323,108.164452
417,2322,109.1218599
418,2321,109.9002832
419,2320,110.4824275
420,2319,110.8698447
421,2318,111.1695879
422,2317,111.2980611
423,2316,111.5042702
424,2315,111.5686536
425,2314,111.6234496
426,2313,111.6211278
427,2312,111.5634165
428,2311,111.4179305
429,2310,111.2903155
430,2309,111.0640217
431,2308,110.8058721
432,2307,110.5497272
433,2306,110.271275
434,2305,110.1816457
435,2304,110.15962
436,2303,110.0973048
437,2302,110.0700689
438,2301,110.078432
439,2300,109.8663979
440,2299,109.8872025
441,2298,109.8443119
442,2297,109.7970282
443,2296,109.7574088
444,2295,109.77399
445,2294,109.7885315
446,2293,109.7722339
447,2292,109.766144
448,2291,109.7583892
449,2290,109.7454987
450,2289,109.7584346
451,2288,109.8030766
452,2287,109.8211439
453,2286,109.8686383
454,2285,109.8470323
455,2284,109.8344969
456,2283,109.8280353
457,2282,109.8069953
458,2281,109.7781311
459,2280,109.7466496
460,2279,109.7683845
461,2278,109.8058169
462,2277,109.8024176
463,2276,109.8144444
464,2275,109.8323246
465,2274,109.8186568
466,2273,109.8265278
467,2272,109.8682651
468,2271,109.8323728
469,2270,109.8366317
470,2269,109.8225476
471,2268,109.8112655
472,2267,109.752927
473,2266,109.691588
474,2265,109.6059581
475,2264,109.5723208
476,2263,109.5443816
477,2262,109.5251369
478,2261,109.452657
479,2260,109.4210916
480,2259,109.389279
481,2258,109.3661606
482,2257,109.3540827
483,2256,109.3207947
484,2255,109.3250333
485,2254,109.3549864
486,2253,109.3340553
487,2252,109.3856279
488,2251,109.3847333
489,2250,109.4161011
490,2249,109.4744162
491,2248,109.5469506
492,2247,109.5839236
493,2246,109.6371458
494,2245,109.6775831
495,2244,109.643794
496,2243,109.63272
497,2242,109.6190181
498,2241,109.6192431
499,2240,109.6082456
500,2239,109.6357613
501,2238,109.5880603
502,2237,109.5394896
503,2236,109.5133297
504,2235,109.4236799
505,2234,109.3524311
506,2233,109.3152281
507,2232,109.2499735
508,2231,109.1985633
509,2230,109.1631775
510,2229,109.1358364
511,2228,109.053503
512,2227,108.9953114
513,2226,108.910198
514,2225,108.8308361
515,2224,108.7541211
516,2223,108.678388
517,2222,108.5762888
518,2221,108.4478536
519,2220,108.37501
520,2219,108.2547045
521,2218,108.1679728
522,2217,108.1377655
523,2216,108.1117469
524,2215,108.0260685
525,2214,107.9695525
526,2213,107.8992686
527,2212,107.8410767
528,2211,107.7938865
529,2210,107.8179203
530,2209,107.8269092
531,2208,108.093084
532,2207,108.1571472
533,2206,108.2272702
534,2205,108.5420147
535,2204,108.8025602
536,2203,108.8803731
537,2202,108.9921023
538,2201,109.2277818
539,2200,109.3128004
540,2199,109.4571866
541,2198,109.7754168
542,2197,110.0256782
543,2196,110.4912656
544,2195,110.7610936
545,2194,110.731784
546,2193,110.7314516
547,2192,110.5504027
548,2191,110.2247275
549,2190,109.9113149
550,2189,109.2082707
551,2188,108.4805326
552,2187,107.4741209
553,2186,106.4960599
554,2185,105.3039712
555,2184,104.0544626
556,2183,102.641331
557,2182,101.1088812
558,2181,99.33560859
559,2180,97.6230371
560,2179,95.84913711
561,2178,93.99311061
562,2177,92.06649442
563,2176,90.0542525
564,2175,88.03375847
565,2174,85.98440352
566,2173,83.89287053
567,2172,81.69322353
568,2171,79.66519358
569,2170,77.62757959
570,2169,75.49803532
571,2168,73.63544353
572,2167,71.79753544
573,2166,69.80672192
574,2165,67.90072931
575,2164,66.38765419
576,2163,64.78346219
577,2162,63.5079215
578,2161,62.33116045
579,2160,61.13528621
580,2159,60.25433862
581,2158,59.58816714
582,2157,58.73922936
583,2156,58.27469122
584,2155,57.98038524
585,2154,57.44598606
586,2153,57.02019828
587,2152,56.93152203
588,2151,56.99669
589,2150,57.05445527
590,2149,57.48414516
591,2148,57.99831368
592,2147,58.48291408
593,2146,58.87805937
594,2145,59.11755435
595,2144,59.38554608
596,2143,59.75493827
597,2142,60.02065951
598,2141,60.15072278
599,2140,60.33366086
600,2139,60.46516046
601,2138,60.78811916
602,2137,60.90377553
603,2136,60.98627786
604,2135,61.14860879
605,2134,61.1359817
606,2133,61.10881975
607,2132,61.27767042
608,2131,61.28853853
609,2130,61.59420335
610,2129,61.60959929
611,2128,61.70050218
612,2127,61.76342433
613,2126,61.82426488
614,2125,61.72307669
615,2124,61.78324248
616,2123,61.81541776
617,2122,61.84340999
618,2121,61.99618835
619,2120,61.97821662
620,2119,61.93516692
621,2118,61.86621399
622,2117,61.77724227
623,2116,61.53106144
624,2115,61.46280807
625,2114,61.53012094
626,2113,61.4636605
627,2112,61.46152027
628,2111,61.28193685
629,2110,61.19878602
630,2109,61.28460736
631,2108,61.38008322
632,2107,61.2340292
633,2106,61.12741163
634,2105,60.94183435
635,2104,60.80104719
636,2103,60.87883979
637,2102,60.9593608
638,2101,60.91878571
639,2100,60.95477467
640,2099,60.99104454
641,2098,61.14488651
642,2097,61.39215829
643,2096,61.48859276
644,2095,61.70487672
645,2094,61.86692484
646,2093,61.96367856
647,2092,62.20727184
648,2091,62.44594543
649,2090,62.92892197
650,2089,63.43390994
651,2088,63.7959888
652,2087,64.11990673
653,2086,64.59027474
654,2085,65.28773634
655,2084,65.76283521
656,2083,66.26920173
657,2082,67.11979846
658,2081,67.86113796
659,2080,68.79447517
660,2079,69.63611365
661,2078,70.6731472
662,2077,71.63982936
663,2076,72.60576635
664,2075,73.56637986
665,2074,74.73177645
666,2073,75.7460794
667,2072,76.76035675
668,2071,77.7039541
669,2070,78.60309999
670,2069,79.44318988
671,2068,80.3598045
672,2067,81.43720868
673,2066,82.31413287
674,2065,83.34189178
675,2064,84.38267857
676,2063,85.28237804
677,2062,86.13065832
678,2061,87.07101158
679,2060,87.99939481
680,2059,88.81951337
681,2058,89.58353188
682,2057,90.12010067
683,2056,90.77533286
684,2055,91.38727745
685,2054,91.95642481
686,2053,92.41721813
687,2052,92.72949583
688,2051,93.03140226
689,2050,93.3992951
690,2049,93.73380275
691,2048,94.12772214
692,2047,94.39916843
693,2046,94.27020183
694,2045,94.47089785
695,2044,94.66153055
696,2043,94.78307306
697,2042,94.90547027
698,2041,94.970197
699,2040,94.97707973
700,2039,94.64679303
701,2038,94.41717434
702,2037,94.13980455
703,2036,94.20182642
704,2035,94.19701863
705,2034,93.98727173
706,2033,94.13252528
707,2032,94.55963259
708,2031,94.7632703
709,2030,94.93925201
710,2029,95.06211607
711,2028,94.92680461
712,2027,95.0395129
713,2026,95.1381781
714,2025,95.00957845
715,2024,95.15990679
716,2023,95.08318392
717,2022,95.22822256
718,2021,95.14241306
719,2020,95.3628374
720,2019,95.33373705
721,2018,95.69598146
722,2017,95.96687391
723,2016,96.19190069
724,2015,96.21941486
725,2014,96.22208704
726,2013,96.56990193
727,2012,96.93500906
728,2011,97.23848473
729,2010,97.47199934
730,2009,97.69521149
731,2008,97.62316676
732,2007,97.61435893
733,2006,97.84758828
734,2005,97.81629212
735,2004,97.81757203
736,2003,98.03179841
737,2002,98.27103115
738,2001,98.18667444
739,2000,98.13154779
740,1999,98.07644711
741,1998,98.08135548
742,1997,98.02243364
743,1996,98.25538773
744,1995,98.51714092
745,1994,98.53894875
746,1993,98.48222412
747,1992,98.47263526
748,1991,98.48559381
749,1990,98.46352914
750,1989,98.39418166
751,1988,98.71296919
752,1987,98.98982217
753,1986,99.40888182
754,1985,99.54834942
755,1984,99.76413632
756,1983,100.2108419
757,1982,100.421164
758,1981,100.5996529
759,1980,100.715318
760,1979,100.8339906
761,1978,100.9298322
762,1977,101.2790721
763,1976,101.4308453
764,1975,101.5653525
765,1974,102.0035732
766,1973,102.1712575
767,1972,102.8980479
768,1971,103.3238966
769,1970,103.6035841
770,1969,103.8966111
771,1968,104.4908171
772,1967,104.7237039
773,1966,104.8909974
774,1965,104.9747819
775,1964,105.0297043
776,1963,105.3504452
777,1962,105.2448463
778,1961,105.1208499
779,1960,104.8736149
780,1959,104.6692886
781,1958,104.3054304
782,1957,104.227578
783,1956,104.1775551
784,1955,103.7756395
785,1954,103.6048331
786,1953,103.3513091
787,1952,102.9028737
788,1951,102.3398096
789,1950,102.0589498
790,1949,101.7324185
791,1948,101.4746852
792,1947,101.1666275
793,1946,100.8993778
794,1945,100.3223691
795,1944,99.94466288
796,1943,99.53371683
797,1942,99.19652092
798,1941,98.8690806
799,1940,98.48481387
800,1939,98.12636827
801,1938,97.89152892
802,1937,97.57431917
803,1936,97.29028658
804,1935,97.07011267
805,1934,96.83799996
806,1933,96.55323069
807,1932,96.05073863
808,1931,95.62602737
809,1930,95.27532082
810,1929,95.03958482
811,1928,94.85619804
812,1927,94.7885353
813,1926,95.06095363
814,1925,95.30742515
815,1924,95.61549156
816,1923,95.98657746
817,1922,96.40869729
818,1921,96.24097848
819,1920,96.14746089
820,1919,96.70904042
821,1918,97.00377761
822,1917,97.44795175
823,1916,97.82786714
824,1915,98.13183218
825,1914,98.31076611
826,1913,98.66540478
827,1912,98.65739718
828,1911,98.55989547
829,1910,98.35131205
830,1909,98.0895604
831,1908,97.63504512
832,1907,97.09121821
833,1906,96.48307518
834,1905,95.73099927
835,1904,94.93016572
836,1903,94.04784387
837,1902,93.14647201
838,1901,92.09224928
839,1900,91.00984729
840,1899,89.87898113
841,1898,88.70216022
842,1897,87.42631307
843,1896,86.1186822
844,1895,84.83912615
845,1894,83.46585919
846,1893,82.08057725
847,1892,80.68710334
848,1891,79.32517208
849,1890,77.90202911
850,1889,76.5378744
851,1888,75.13438498
852,1887,73.75479439
853,1886,72.41034788
854,1885,71.09093865
855,1884,69.75763203
856,1883,68.49987514
857,1882,67.23841546
858,1881,66.46389898
859,1880,65.73609964
860,1879,65.14831157
861,1878,64.66355087
862,1877,64.27882397
863,1876,64.06933637
864,1875,63.72375356
865,1874,63.51920474
866,1873,63.53308675
867,1872,63.59105386
868,1871,63.59259876
869,1870,64.06299706
870,1869,64.44388492
871,1868,64.80323927
872,1867,65.05124075
873,1866,65.11164646
874,1865,65.09469021
875,1864,65.01713299
876,1863,64.95917909
877,1862,64.85341849
878,1861,64.75995452
879,1860,64.70805104
880,1859,64.82915632
881,1858,64.73741394
882,1857,64.61705851
883,1856,64.72667497
884,1855,64.59477391
885,1854,64.49759948
886,1853,64.53809613
887,1852,64.39399267
888,1851,64.22860928
889,1850,64.12893117
890,1849,63.98532133
891,1848,63.85470201
892,1847,63.71168962
893,1846,63.67718331
894,1845,63.65651023
895,1844,63.60763007
896,1843,63.56669141
897,1842,63.59334922
898,1841,63.68188546
899,1840,63.62800359
900,1839,63.58965356
901,1838,63.59499333
902,1837,63.6684041
903,1836,63.66054388
904,1835,63.71371634
905,1834,63.74861872
906,1833,63.78363286
907,1832,63.82288446
908,1831,63.96335248
909,1830,63.99659133
910,1829,64.09521432
911,1828,64.22633403
912,1827,64.30385911
913,1826,64.42478202
914,1825,64.34432396
915,1824,64.500123
916,1823,64.50745627
917,1822,64.18306589
918,1821,63.85562169
919,1820,63.73286253
920,1819,63.43998999
921,1818,63.32543171
922,1817,63.11225203
923,1816,62.82577216
924,1815,62.5924504
925,1814,62.52609304
926,1813,62.68768945
927,1812,63.00933266
928,1811,63.72295234
929,1810,64.46212754
930,1809,65.3031017
931,1808,66.01682541
932,1807,67.03710352
933,1806,68.14979897
934,1805,69.08488845
935,1804,70.25546713
936,1803,71.46976566
937,1802,72.48612777
938,1801,73.46304877
939,1800,74.5206443
940,1799,75.87233723
941,1798,77.34664407
942,1797,78.56645331
943,1796,80.14058062
944,1795,81.3679391
945,1794,82.9142858
946,1793,84.33784248
947,1792,85.79215122
948,1791,87.15568441
949,1790,88.46649187
950,1789,89.84939857
951,1788,91.13422008
952,1787,92.37123641
953,1786,93.43196691
954,1785,94.24351247
955,1784,95.2929302
956,1783,96.21062495
957,1782,96.95708884
958,1781,97.63205429
959,1780,98.19598954
960,1779,98.69786207
961,1778,99.07256162
962,1777,98.95189123
963,1776,98.82356453
964,1775,98.83616138
965,1774,98.64179723
966,1773,98.39388287
967,1772,98.20550159
968,1771,98.15224477
969,1770,97.99140277
970,1769,97.65482131
971,1768,97.3813371
972,1767,96.89497279
973,1766,96.61107911
974,1765,96.67156392
975,1764,96.82831144
976,1763,97.00901521
977,1762,97.20426164
978,1761,97.3800228
979,1760,97.26099928
980,1759,97.20190676
981,1758,97.14042674
982,1757,97.10215043
983,1756,96.92633122
984,1755,96.76206878
985,1754,96.62677303
986,1753,96.46342424
987,1752,96.22388819
988,1751,96.04219979
989,1750,96.17638063
990,1749,96.33191894
991,1748,96.30484926
992,1747,96.22329472
993,1746,96.38869967
994,1745,96.30804448
995,1744,96.5297421
996,1743,96.46437649
997,1742,96.53662296
998,1741,96.53268188
999,1740,96.52311639
1000,1739,96.48473143
1001,1738,96.17579048
1002,1737,95.99443606
1003,1736,96.03725693
1004,1735,95.88190803
1005,1734,96.24621318
1006,1733,96.30789722
1007,1732,96.40080719
1008,1731,96.52151584
1009,1730,96.56165301
1010,1729,96.38569175
1011,1728,96.48737366
1012,1727,96.41501499
1013,1726,96.72328421
1014,1725,97.09638565
1015,1724,97.14187854
1016,1723,97.28892955
1017,1722,97.4793021
1018,1721,97.56442526
1019,1720,97.63806979
1020,1719,97.67039031
1021,1718,97.77050465
1022,1717,97.76232044
1023,1716,98.02063694
1024,1715,98.0211042
1025,1714,97.97986448
1026,1713,97.99158306
1027,1712,97.95642035
1028,1711,97.86466854
1029,1710,97.80633955
1030,1709,97.77203679
1031,1708,97.73563509
1032,1707,97.71985095
1033,1706,97.69887558
1034,1705,97.67555158
1035,1704,97.62027728
1036,1703,97.56621863
1037,1702,97.50581049
1038,1701,97.47393961
1039,1700,97.47087211
1040,1699,97.38645692
1041,1698,97.15996936
1042,1697,97.18597813
1043,1696,97.12501994
1044,1695,97.11424012
1045,1694,97.04896265
1046,1693,97.06207853
1047,1692,97.04630713
1048,1691,97.00247242
1049,1690,96.978377
1050,1689,96.92322521
1051,1688,96.87216782
1052,1687,97.09007595
1053,1686,97.27676725
1054,1685,97.23481488
1055,1684,97.43353856
1056,1683,97.40249803
1057,1682,97.36748656
1058,1681,97.32394624
1059,1680,97.2952123
1060,1679,97.35744209
1061,1678,97.63683502
1062,1677,97.37161152
1063,1676,97.48473688
1064,1675,97.5803004
1065,1674,97.62873431
1066,1673,97.69467385
1067,1672,98.03231301
1068,1671,98.01434695
1069,1670,97.75261361
1070,1669,97.47136268
1071,1668,97.2701196
1072,1667,97.06922691
1073,1666,96.94055111
1074,1665,96.81542891
1075,1664,96.80562624
1076,1663,96.82463298
1077,1662,96.81533388
1078,1661,96.9082216
1079,1660,97.00238272
1080,1659,97.15122527
1081,1658,97.6040304
1082,1657,98.00340851
1083,1656,98.10473606
1084,1655,98.48864979
1085,1654,98.85842745
1086,1653,99.26807993
1087,1652,99.63906673
1088,1651,100.2569408
1089,1650,100.7340639
1090,1649,101.0190567
1091,1648,101.1461168
1092,1647,101.4621948
1093,1646,101.3229013
1094,1645,101.116863
1095,1644,100.7800854
1096,1643,100.3758617
1097,1642,99.74035024
1098,1641,99.04805524
1099,1640,98.19424096
1100,1639,97.23149421
1101,1638,96.2047376
1102,1637,95.07973402
1103,1636,93.88702865
1104,1635,92.62262011
1105,1634,91.27365652
1106,1633,89.95635486
1107,1632,88.6071206
1108,1631,87.1913758
1109,1630,85.71479298
1110,1629,84.18955423
1111,1628,82.6146304
1112,1627,81.1029265
1113,1626,79.79969004
1114,1625,78.22243463
1115,1624,76.64925416
1116,1623,75.03102183
1117,1622,73.44972955
1118,1621,71.82613985
1119,1620,70.22894231
1120,1619,68.98811605
1121,1618,67.86244325
1122,1617,66.79273981
1123,1616,65.94770428
1124,1615,65.22019984
1125,1614,64.55975128
1126,1613,64.03705693
1127,1612,63.67968177
1128,1611,63.40768527
1129,1610,63.24585162
1130,1609,63.23637667
1131,1608,63.38658519
1132,1607,63.37866928
1133,1606,63.45615644
1134,1605,63.91514524
1135,1604,64.19106464
1136,1603,64.57682886
1137,1602,64.86804689
1138,1601,65.27200511
1139,1600,65.30882149
1140,1599,65.32952842
1141,1598,65.35490171
1142,1597,65.23923902
1143,1596,65.24113767
1144,1595,65.27983436
1145,1594,65.3282244
1146,1593,65.38234211
1147,1592,65.40530678
1148,1591,65.4895541
1149,1590,65.55155514
1150,1589,65.63771758
1151,1588,65.91030512
1152,1587,65.98422544
1153,1586,66.0285285
1154,1585,66.0673483
1155,1584,66.11111884
1156,1583,66.16264138
1157,1582,66.19156048
1158,1581,66.27305567
1159,1580,66.31998903
1160,1579,66.39493294
1161,1578,66.44256072
1162,1577,66.52332682
1163,1576,66.53440155
1164,1575,66.5609225
1165,1574,66.61717656
1166,1573,66.82745714
1167,1572,66.83197017
1168,1571,66.95561322
1169,1570,66.89536583
1170,1569,66.82619768
1171,1568,66.76175956
1172,1567,66.8838986
1173,1566,66.85081294
1174,1565,66.70262755
1175,1564,66.54477467
1176,1563,66.41763379
1177,1562,66.32075602
1178,1561,66.15953104
1179,1560,66.18433229
1180,1559,66.22983044
1181,1558,66.11576606
1182,1557,66.13284137
1183,1556,65.90298238
1184,1555,65.72954969
1185,1554,65.52911991
1186,1553,65.15290383
1187,1552,64.94998015
1188,1551,64.86675068
1189,1550,64.68758231
1190,1549,64.57049522
1191,1548,64.45962037
1192,1547,64.38058136
1193,1546,64.37711185
1194,1545,64.39374771
1195,1544,64.50589866
1196,1543,64.56717774
1197,1542,64.61032948
1198,1541,64.67005076
1199,1540,64.55789818
1200,1539,64.52539449
1201,1538,64.66884756
1202,1537,64.64291759
1203,1536,64.76952524
1204,1535,64.91962529
1205,1534,65.07094975
1206,1533,65.21568304
1207,1532,65.4244857
1208,1531,65.46907712
1209,1530,65.23912238
1210,1529,65.08299844
1211,1528,64.92231148
1212,1527,64.93619861
1213,1526,64.86498209
1214,1525,64.87851228
1215,1524,64.93264132
1216,1523,65.04309983
1217,1522,64.9820785
1218,1521,65.17635737
1219,1520,65.25311811
1220,1519,65.6081461
1221,1518,66.10625048
1222,1517,66.40935398
1223,1516,66.62448489
1224,1515,67.16362507
1225,1514,67.76713227
1226,1513,68.50847648
1227,1512,69.37432176
1228,1511,70.26046793
1229,1510,71.27869442
1230,1509,72.18232088
1231,1508,73.11330052
1232,1507,74.27149268
1233,1506,75.32446546
1234,1505,76.58039315
1235,1504,78.09362822
1236,1503,79.41198685
1237,1502,80.92386584
1238,1501,82.33885925
1239,1500,83.93457013
1240,1499,85.50035338
1241,1498,87.01148135
1242,1497,88.50719226
1243,1496,89.91784478
1244,1495,91.46473667
1245,1494,92.87215329
1246,1493,94.05807428
1247,1492,95.21479316
1248,1491,96.3387097
1249,1490,97.36175539
1250,1489,98.45284926
1251,1488,99.23780184
1252,1487,100.0176765
1253,1486,100.6188163
1254,1485,101.148445
1255,1484,101.4751422
1256,1483,101.4384961
1257,1482,101.5986503
1258,1481,101.4632857
1259,1480,101.3703967
1260,1479,101.4133021
1261,1478,101.4058262
1262,1477,101.3308339
1263,1476,101.1574943
1264,1475,101.0066074
1265,1474,100.7761068
1266,1473,100.5001226
1267,1472,99.99710314
1268,1471,99.78574081
1269,1470,99.47787035
1270,1469,99.2109633
1271,1468,98.80557423
1272,1467,98.39545375
1273,1466,98.20215326
1274,1465,98.06305558
1275,1464,97.91640946
1276,1463,97.78242295
1277,1462,97.58732228
1278,1461,97.45871655
1279,1460,97.40664383
1280,1459,97.34084618
1281,1458,97.29234226
1282,1457,97.26874609
1283,1456,97.30626971
1284,1455,97.31178691
1285,1454,97.41014112
1286,1453,97.2872836
1287,1452,97.35368625
1288,1451,97.48860991
1289,1450,97.66401054
1290,1449,97.64640367
1291,1448,97.62647973
1292,1447,97.66637884
1293,1446,97.64646179
1294,1445,97.62203761
1295,1444,97.62501455
1296,1443,97.50520995
1297,1442,97.52226128
1298,1441,97.51359093
1299,1440,97.48469274
1300,1439,97.38990736
1301,1438,97.36838773
1302,1437,97.583566
1303,1436,97.57609199
1304,1435,97.56441002
1305,1434,97.50975197
1306,1433,97.38872988
1307,1432,97.63476411
1308,1431,97.52979662
1309,1430,97.51685956
1310,1429,97.56861819
1311,1428,97.50295161
1312,1427,97.21916471
1313,1426,97.19006675
1314,1425,97.10495566
1315,1424,97.11756316
1316,1423,97.11550234
1317,1422,97.14877655
1318,1421,97.3665964
1319,1420,97.33824207
1320,1419,97.41576633
1321,1418,97.38735329
1322,1417,97.34024796
1323,1416,97.36300946
1324,1415,97.38491192
1325,1414,97.35609854
1326,1413,97.23023925
1327,1412,97.14405834
1328,1411,97.12540314
1329,1410,97.11867739
1330,1409,97.0790236
1331,1408,97.04605457
1332,1407,97.14641269
1333,1406,97.14494591
1334,1405,97.15255879
1335,1404,97.23860003
1336,1403,97.25305983
1337,1402,97.21927134
1338,1401,97.23190099
1339,1400,97.30607527
1340,1399,97.2190001
1341,1398,97.26006746
1342,1397,97.210952
1343,1396,97.26651568
1344,1395,97.34669784
1345,1394,97.40244343
1346,1393,97.38623909
1347,1392,97.53129765
1348,1391,97.58811021
1349,1390,97.68138956
1350,1389,97.6786729
1351,1388,97.71484093
1352,1387,97.77031151
1353,1386,97.8628328
1354,1385,97.93277761
1355,1384,98.03020651
1356,1383,98.04124224
1357,1382,98.17058915
1358,1381,98.20486728
1359,1380,98.26000129
1360,1379,98.01492317
1361,1378,97.93734535
1362,1377,97.96639011
1363,1376,98.2000006
1364,1375,98.01825031
1365,1374,97.76114129
1366,1373,97.50896507
1367,1372,97.2640113
1368,1371,97.06412142
1369,1370,96.96984653
1370,1369,96.95919924
1371,1368,96.95308893
1372,1367,97.01218812
1373,1366,97.17881384
1374,1365,97.22554256
1375,1364,97.32245472
1376,1363,97.41842759
1377,1362,97.5921584
1378,1361,97.87571844
1379,1360,98.12558296
1380,1359,98.3913028
1381,1358,98.9343449
1382,1357,99.48450441
1383,1356,99.96895804
1384,1355,100.5750827
1385,1354,101.22994
1386,1353,101.6310283
1387,1352,101.9084884
1388,1351,102.0580903
1389,1350,102.0516906
1390,1349,101.810213
1391,1348,101.5944799
1392,1347,101.2077814
1393,1346,100.8526449
1394,1345,100.195623
1395,1344,99.46487335
1396,1343,98.69571191
1397,1342,97.92865894
1398,1341,96.96836516
1399,1340,95.95786582
1400,1339,94.78912007
1401,1338,93.61545957
1402,1337,92.39207971
1403,1336,91.08829053
1404,1335,89.65469703
1405,1334,88.17380723
1406,1333,86.61164862
1407,1332,85.03332968
1408,1331,83.41676032
1409,1330,81.7341653
1410,1329,80.07346191
1411,1328,78.66848528
1412,1327,77.00515676
1413,1326,75.30403365
1414,1325,73.59960808
1415,1324,72.16643748
1416,1323,70.96720306
1417,1322,69.80487243
1418,1321,68.74724342
1419,1320,67.81531663
1420,1319,66.99750749
1421,1318,66.22652757
1422,1317,65.575477
1423,1316,65.0759084
1424,1315,64.61939883
1425,1314,64.33128511
1426,1313,64.16258422
1427,1312,64.16424996
1428,1311,64.32321389
1429,1310,64.50697006
1430,1309,64.90569596
1431,1308,65.43370436
1432,1307,65.70752885
1433,1306,66.02101286
1434,1305,66.30089203
1435,1304,66.48672479
1436,1303,66.42945475
1437,1302,66.45823125
1438,1301,66.48037065
1439,1300,66.44183854
1440,1299,66.37274908
1441,1298,66.39827768
1442,1297,66.45818628
1443,1296,66.48275531
1444,1295,66.51981226
1445,1294,66.5204499
1446,1293,66.49844905
1447,1292,66.45047655
1448,1291,66.40132491
1449,1290,66.32221572
1450,1289,66.24708929
1451,1288,66.26342258
1452,1287,66.27642974
1453,1286,66.26176041
1454,1285,66.24622642
1455,1284,66.23222917
1456,1283,66.22181659
1457,1282,66.18283336
1458,1281,66.2594597
1459,1280,66.24017087
1460,1279,66.26744857
1461,1278,66.16516079
1462,1277,66.09307528
1463,1276,66.02460453
1464,1275,65.95614013
1465,1274,65.91608151
1466,1273,65.87767613
1467,1272,65.84114683
1468,1271,65.85802823
1469,1270,65.87418448
1470,1269,65.82908
1471,1268,65.8084667
1472,1267,65.8128004
1473,1266,65.78602064
1474,1265,65.74763755
1475,1264,65.6754007
1476,1263,65.58516138
1477,1262,65.58461552
1478,1261,65.49943275
1479,1260,65.41909369
1480,1259,65.3799541
1481,1258,65.29274336
1482,1257,65.18857921
1483,1256,65.15350728
1484,1255,65.16524202
1485,1254,65.12881395
1486,1253,65.10467755
1487,1252,65.33737192
1488,1251,65.26429924
1489,1250,65.1771431
1490,1249,65.18850418
1491,1248,65.23732625
1492,1247,65.24012633
1493,1246,65.19665688
1494,1245,65.15935009
1495,1244,65.06286098
1496,1243,65.03717238
1497,1242,65.08346286
1498,1241,65.11414372
1499,1240,65.15718806
1500,1239,65.24838229
1501,1238,65.33217928
1502,1237,65.42717467
1503,1236,65.47040498
1504,1235,65.61108577
1505,1234,65.74973424
1506,1233,65.86448593
1507,1232,66.04115493
1508,1231,66.19342806
1509,1230,66.27921715
1510,1229,66.43670136
1511,1228,66.67846211
1512,1227,66.77537015
1513,1226,66.89637661
1514,1225,67.01118489
1515,1224,67.12221024
1516,1223,67.16674931
1517,1222,67.05165407
1518,1221,67.10210736
1519,1220,67.14673132
1520,1219,67.12382941
1521,1218,66.94305453
1522,1217,66.84787576
1523,1216,66.53023879
1524,1215,66.22094161
1525,1214,65.87253299
1526,1213,65.58260731
1527,1212,65.37789455
1528,1211,65.1424857
1529,1210,64.85576277
1530,1209,64.7093234
1531,1208,64.75009315
1532,1207,64.95825747
1533,1206,65.55334515
1534,1205,66.21529278
1535,1204,66.69136027
1536,1203,67.36165477
1537,1202,68.38995735
1538,1201,69.19199132
1539,1200,70.05758981
1540,1199,71.29219077
1541,1198,72.28927396
1542,1197,73.2827851
1543,1196,74.65321795
1544,1195,76.05478765
1545,1194,77.20925991
1546,1193,78.70152152
1547,1192,80.26173474
1548,1191,81.7378558
1549,1190,83.2634595
1550,1189,84.77744777
1551,1188,86.0814133
1552,1187,87.59258581
1553,1186,89.04194228
1554,1185,90.4874944
1555,1184,91.83037987
1556,1183,93.09442701
1557,1182,94.11690173
1558,1181,95.32801605
1559,1180,96.4860018
1560,1179,97.28489826
1561,1178,98.21949826
1562,1177,98.66084101
1563,1176,99.18603934
1564,1175,99.60422798
1565,1174,100.1741773
1566,1173,100.6251425
1567,1172,100.9602272
1568,1171,101.2898968
1569,1170,101.3065884
1570,1169,101.1345555
1571,1168,100.8823737
1572,1167,100.713216
1573,1166,100.2563801
1574,1165,99.94121025
1575,1164,99.37434884
1576,1163,98.79870096
1577,1162,98.64675172
1578,1161,98.39202315
1579,1160,97.93977929
1580,1159,97.78293188
1581,1158,97.96628088
1582,1157,97.92672472
1583,1156,97.94326748
1584,1155,97.70633157
1585,1154,97.8163765
1586,1153,97.89217215
1587,1152,98.32732305
1588,1151,98.21182703
1589,1150,98.13618967
1590,1149,98.32972396
1591,1148,98.33028571
1592,1147,98.5226816
1593,1146,98.91479583
1594,1145,99.01802916
1595,1144,99.15510759
1596,1143,99.86189903
1597,1142,100.2241875
1598,1141,100.3338066
1599,1140,100.7138624
1600,1139,101.0092078
1601,1138,101.2918225
1602,1137,101.4608161
1603,1136,101.655967
1604,1135,101.781854
1605,1134,101.8971116
1606,1133,102.0043731
1607,1132,101.7968246
1608,1131,102.1023534
1609,1130,102.2064036
1610,1129,101.9986708
1611,1128,102.2598345
1612,1127,102.0256744
1613,1126,102.3020284
1614,1125,102.3644103
1615,1124,102.4802987
1616,1123,102.5707419
1617,1122,102.5756577
1618,1121,102.3034328
1619,1120,102.3108292
1620,1119,102.247686
1621,1118,102.2443649
1622,1117,102.1086334
1623,1116,101.8850345
1624,1115,101.3928679
1625,1114,100.9062365
1626,1113,100.8946039
1627,1112,100.7403491
1628,1111,100.5112965
1629,1110,100.309139
1630,1109,100.3342442
1631,1108,100.3498391
1632,1107,100.1490882
1633,1106,100.1663278
1634,1105,100.1975192
1635,1104,100.309169
1636,1103,99.82387728
1637,1102,99.98019559
1638,1101,99.7442401
1639,1100,99.84268832
1640,1099,99.69095903
1641,1098,99.59810156
1642,1097,99.52150929
1643,1096,99.57825209
1644,1095,99.85574382
1645,1094,100.2351833
1646,1093,100.5414869
1647,1092,100.362347
1648,1091,100.2633916
1649,1090,100.4080249
1650,1089,100.3140256
1651,1088,100.4689556
1652,1087,100.2897928
1653,1086,100.4654708
1654,1085,100.4621113
1655,1084,100.4436071
1656,1083,100.6939504
1657,1082,100.6212048
1658,1081,100.8333806
1659,1080,100.8608317
1660,1079,100.8032912
1661,1078,101.0117629
1662,1077,101.0508301
1663,1076,101.4060451
1664,1075,101.4863911
1665,1074,101.8056513
1666,1073,102.1664311
1667,1072,102.386424
1668,1071,102.5333049
1669,1070,102.8403134
1670,1069,103.268319
1671,1068,103.4143092
1672,1067,103.3790603
1673,1066,103.372937
1674,1065,103.3781219
1675,1064,103.7178779
1676,1063,104.0581235
1677,1062,104.1912385
1678,1061,104.5793104
1679,1060,104.7855564
1680,1059,104.9473524
1681,1058,105.1525228
1682,1057,105.36834
1683,1056,105.7645153
1684,1055,106.0409563
1685,1054,106.281507
1686,1053,106.5083519
1687,1052,107.0921017
1688,1051,107.3548637
1689,1050,107.5485492
1690,1049,107.4338789
1691,1048,107.3681955
1692,1047,107.2224505
1693,1046,106.9330235
1694,1045,106.4894271
1695,1044,105.6951511
1696,1043,104.671791
1697,1042,103.5840725
1698,1041,102.5579575
1699,1040,101.4693258
1700,1039,100.3513325
1701,1038,99.09803923
1702,1037,97.46193242
1703,1036,96.06286986
1704,1035,94.58162346
1705,1034,93.02438629
1706,1033,91.48776903
1707,1032,89.60299374
1708,1031,87.90892034
1709,1030,86.2489328
1710,1029,84.63533391
1711,1028,82.9711433
1712,1027,81.34703899
1713,1026,79.73415151
1714,1025,78.09565711
1715,1024,76.45716301
1716,1023,75.00076839
1717,1022,73.59690966
1718,1021,72.10728366
1719,1020,70.8039132
1720,1019,69.64551699
1721,1018,68.19463919
1722,1017,67.06564513
1723,1016,66.14256132
1724,1015,65.3460973
1725,1014,64.63066541
1726,1013,64.02737875
1727,1012,63.60738374
1728,1011,63.33317793
1729,1010,63.26788963
1730,1009,63.24775764
1731,1008,63.38867081
1732,1007,63.63596734
1733,1006,63.99182326
1734,1005,64.19447644
1735,1004,64.47988779
1736,1003,64.85130762
1737,1002,65.16692628
1738,1001,65.33669203
1739,1000,65.39075563
1740,999,65.30606929
1741,998,65.28015551
1742,997,65.32045975
1743,996,65.33626097
1744,995,65.3194155
1745,994,65.31144761
1746,993,65.28287764
1747,992,65.26201101
1748,991,65.24713131
1749,990,65.29860465
1750,989,65.35356918
1751,988,65.34020974
1752,987,65.35017671
1753,986,65.42212932
1754,985,65.40794503
1755,984,65.39142063
1756,983,65.404921
1757,982,65.36172444
1758,981,65.34887537
1759,980,65.36780597
1760,979,65.36240453
1761,978,65.3034735
1762,977,65.29781491
1763,976,65.31940972
1764,975,65.30316026
1765,974,65.29039872
1766,973,65.34751505
1767,972,65.31394165
1768,971,65.32965994
1769,970,65.31144887
1770,969,65.18353444
1771,968,65.17822629
1772,967,65.11545902
1773,966,65.12237117
1774,965,65.13177299
1775,964,65.08472276
1776,963,65.10301133
1777,962,65.13081164
1778,961,65.21630201
1779,960,65.24929825
1780,959,65.22611645
1781,958,65.25667359
1782,957,65.2586062
1783,956,65.26260871
1784,955,65.32739525
1785,954,65.28175846
1786,953,65.30603682
1787,952,65.30852891
1788,951,65.3193214
1789,950,65.31093021
1790,949,65.34019147
1791,948,65.40664951
1792,947,65.47772699
1793,946,65.51909915
1794,945,65.55829935
1795,944,65.59664856
1796,943,65.72182143
1797,942,65.84586429
1798,941,65.94100515
1799,940,66.1193546
1800,939,66.1458389
1801,938,66.24822645
1802,937,66.27219424
1803,936,66.31632417
1804,935,66.32165713
1805,934,66.37003887
1806,933,66.37612339
1807,932,66.29425223
1808,931,66.30626127
1809,930,66.05296324
1810,929,65.92432753
1811,928,65.59097184
1812,927,65.05131461
1813,926,64.78450426
1814,925,64.3169026
1815,924,63.94728431
1816,923,63.84815906
1817,922,63.85850913
1818,921,63.98343569
1819,920,64.40667203
1820,919,64.89853718
1821,918,65.54160451
1822,917,65.92430259
1823,916,66.7179892
1824,915,67.57606484
1825,914,68.38212202
1826,913,69.34340345
1827,912,70.33174481
1828,911,71.42708697
1829,910,72.16954748
1830,909,73.27244212
1831,908,74.47237029
1832,907,75.68620905
1833,906,76.62046985
1834,905,77.86757859
1835,904,79.0656267
1836,903,80.17989472
1837,902,81.2657859
1838,901,82.40644948
1839,900,83.8569292
1840,899,85.10151697
1841,898,86.58224196
1842,897,87.80765879
1843,896,89.21042393
1844,895,90.58533797
1845,894,91.60248608
1846,893,92.65777504
1847,892,93.62298878
1848,891,94.56902306
1849,890,95.43753665
1850,889,96.39821172
1851,888,97.14464992
1852,887,97.602047
1853,886,98.16208414
1854,885,98.5364826
1855,884,98.87041412
1856,883,99.00323497
1857,882,99.04783946
1858,881,99.09698287
1859,880,98.96436963
1860,879,98.92721801
1861,878,98.73590597
1862,877,98.75143221
1863,876,99.06126707
1864,875,99.20631529
1865,874,99.62689009
1866,873,100.1322244
1867,872,100.8786133
1868,871,101.5304036
1869,870,102.163272
1870,869,102.4649371
1871,868,102.7887633
1872,867,103.0580681
1873,866,103.2808681
1874,865,103.5243269
1875,864,103.4188687
1876,863,103.3448991
1877,862,103.2255964
1878,861,103.0432661
1879,860,102.7936699
1880,859,102.9030201
1881,858,102.8126537
1882,857,102.5818137
1883,856,102.3528978
1884,855,102.4167513
1885,854,102.2484848
1886,853,102.0958326
1887,852,102.1077542
1888,851,102.2152636
1889,850,102.3682253
1890,849,102.2337319
1891,848,102.3222452
1892,847,102.1698498
1893,846,102.2274478
1894,845,102.076367
1895,844,101.8903173
1896,843,101.939599
1897,842,102.0502457
1898,841,102.1406179
1899,840,102.2344934
1900,839,102.396634
1901,838,102.3164827
1902,837,102.4384439
1903,836,102.6608457
1904,835,102.8056815
1905,834,103.0583624
1906,833,103.264989
1907,832,103.5487154
1908,831,103.9292611
1909,830,104.256707
1910,829,104.6190385
1911,828,105.0482341
1912,827,105.4327939
1913,826,105.7949809
1914,825,106.1801004
1915,824,106.5254661
1916,823,106.9217914
1917,822,107.3354605
1918,821,107.6681397
1919,820,107.7129937
1920,819,107.7335302
1921,818,107.9275822
1922,817,107.9823409
1923,816,107.6952243
1924,815,107.8932627
1925,814,107.5098398
1926,813,107.3243268
1927,812,107.2857589
1928,811,107.3574046
1929,810,107.3044468
1930,809,107.2207241
1931,808,107.2053718
1932,807,107.1268281
1933,806,106.9683134
1934,805,106.8795311
1935,804,106.8130177
1936,803,106.4363541
1937,802,106.1166478
1938,801,106.1017154
1939,800,106.0271953
1940,799,105.9291105
1941,798,105.7978532
1942,797,105.6922481
1943,796,105.529005
1944,795,105.389631
1945,794,105.2114596
1946,793,104.9987043
1947,792,104.8546359
1948,791,104.6711029
1949,790,104.3722082
1950,789,104.2577527
1951,788,103.9010477
1952,787,103.5269954
1953,786,103.2749965
1954,785,103.0899984
1955,784,102.9413146
1956,783,102.8601194
1957,782,103.0988786
1958,781,103.0722176
1959,780,103.2414139
1960,779,103.3837742
1961,778,103.4999041
1962,777,103.5804221
1963,776,103.762843
1964,775,103.96376
1965,774,104.485393
1966,773,104.879772
1967,772,105.0753
1968,771,105.1703235
1969,770,104.8774286
1970,769,104.6990295
1971,768,104.3792281
1972,767,103.6525778
1973,766,102.8356455
1974,765,102.166845
1975,764,101.1222365
1976,763,100.2109819
1977,762,99.30281159
1978,761,98.19912677
1979,760,96.86324027
1980,759,95.56604658
1981,758,94.21927349
1982,757,92.75818454
1983,756,91.24230665
1984,755,89.80898532
1985,754,88.19590219
1986,753,86.51968861
1987,752,85.12859484
1988,751,83.75907903
1989,750,82.16022651
1990,749,80.58598758
1991,748,78.98215695
1992,747,77.41277252
1993,746,75.82399161
1994,745,74.31763528
1995,744,72.86889503
1996,743,71.43305539
1997,742,70.0572388
1998,741,68.76699498
1999,740,67.49535029
2000,739,66.48302574
2001,738,65.4118478
2002,737,64.71666835
2003,736,64.20327841
2004,735,63.76434276
2005,734,63.52071324
2006,733,63.41590913
2007,732,63.44064619
2008,731,63.31042539
2009,730,63.54403384
2010,729,63.60209695
2011,728,63.79101485
2012,727,64.05432171
2013,726,64.41398086
2014,725,64.74059287
2015,724,65.16146462
2016,723,65.1548095
2017,722,65.15653206
2018,721,65.19539187
2019,720,65.24826651
2020,719,65.22302773
2021,718,65.23216875
2022,717,65.24356297
2023,716,65.26151255
2024,715,65.28930892
2025,714,65.26108471
2026,713,65.26619034
2027,712,65.30774077
2028,711,65.31984616
2029,710,65.30250651
2030,709,65.28784843
2031,708,65.36117204
2032,707,65.37846494
2033,706,65.37026603
2034,705,65.36519533
2035,704,65.39057222
2036,703,65.41261185
2037,702,65.46366689
2038,701,65.51737589
2039,700,65.54304444
2040,699,65.50515898
2041,698,65.43558987
2042,697,65.45475273
2043,696,65.49474314
2044,695,65.5323658
2045,694,65.56786569
2046,693,65.50696925
2047,692,65.47463451
2048,691,65.52785921
2049,690,65.52141293
2050,689,65.54029701
2051,688,65.58959369
2052,687,65.57531234
2053,686,65.55955407
2054,685,65.56747266
2055,684,65.54612255
2056,683,65.55444053
2057,682,65.52795073
2058,681,65.5237217
2059,680,65.4548176
2060,679,65.43661262
2061,678,65.41616273
2062,677,65.42970257
2063,676,65.43640377
2064,675,65.44154699
2065,674,65.44829956
2066,673,65.36498296
2067,672,65.33412402
2068,671,65.29699723
2069,670,65.22723273
2070,669,65.23637321
2071,668,65.20645632
2072,667,65.14539009
2073,666,65.05340213
2074,665,64.99519595
2075,664,64.91021776
2076,663,64.86147034
2077,662,64.81851404
2078,661,64.72488536
2079,660,64.66764874
2080,659,64.64459936
2081,658,64.65409353
2082,657,64.39092724
2083,656,64.38730401
2084,655,64.13338238
2085,654,63.86518151
2086,653,63.48809099
2087,652,63.24283119
2088,651,63.06685001
2089,650,62.96141397
2090,649,62.92582043
2091,648,62.99685253
2092,647,62.99224002
2093,646,63.26035099
2094,645,63.55176471
2095,644,63.6580017
2096,643,63.92439717
2097,642,64.3620478
2098,641,64.93781281
2099,640,65.57105423
2100,639,66.28513156
2101,638,67.15125701
2102,637,68.08679653
2103,636,69.16640141
2104,635,70.34118957
2105,634,71.59931073
2106,633,72.95860515
2107,632,74.3282568
2108,631,75.75836403
2109,630,77.24204546
2110,629,78.76352716
2111,628,80.32198769
2112,627,81.90781973
2113,626,83.47770195
2114,625,85.08471418
2115,624,86.65605227
2116,623,88.21394574
2117,622,89.81089687
2118,621,91.3130372
2119,620,92.78245865
2120,619,94.28586518
2121,618,95.60472604
2122,617,96.90461507
2123,616,98.09765192
2124,615,99.2684448
2125,614,100.3170108
2126,613,101.2748454
2127,612,102.1495279
2128,611,102.9044933
2129,610,103.5386361
2130,609,104.0199188
2131,608,104.3583324
2132,607,104.5181181
2133,606,104.7949597
2134,605,104.7245253
2135,604,104.8084155
2136,603,105.1138199
2137,602,105.4297896
2138,601,105.6251478
2139,600,105.4764013
2140,599,105.4963403
2141,598,105.4270913
2142,597,105.2982178
2143,596,105.28001
2144,595,105.020674
2145,594,104.6871916
2146,593,104.5914915
2147,592,104.4044012
2148,591,104.2057518
2149,590,103.9701801
2150,589,103.509718
2151,588,103.3336806
2152,587,102.8946742
2153,586,102.6796663
2154,585,102.4364686
2155,584,102.1778203
2156,583,101.8697505
2157,582,101.5812423
2158,581,101.2782636
2159,580,101.0010418
2160,579,100.6891593
2161,578,100.1917855
2162,577,99.66517526
2163,576,99.25252758
2164,575,99.1059733
2165,574,98.92141473
2166,573,98.74503776
2167,572,98.57796981
2168,571,98.41541105
2169,570,98.07153573
2170,569,97.96371249
2171,568,97.86464396
2172,567,97.78985391
2173,566,97.47359045
2174,565,97.45660397
2175,564,97.41744309
2176,563,97.36656232
2177,562,97.39663562
2178,561,97.41522902
2179,560,97.42199002
2180,559,97.51524967
2181,558,97.61916327
2182,557,97.72461868
2183,556,97.83625159
2184,555,97.98545591
2185,554,98.16709704
2186,553,98.39120238
2187,552,98.36561558
2188,551,98.3394154
2189,550,98.30242913
2190,549,98.55101526
2191,548,98.58139842
2192,547,98.63428603
2193,546,98.59204144
2194,545,98.63335554
2195,544,98.66613041
2196,543,98.5696582
2197,542,98.26673928
2198,541,98.00594065
2199,540,98.00934209
2200,539,97.77148887
2201,538,97.77558019
2202,537,97.60562175
2203,536,97.68893415
2204,535,97.63507408
2205,534,97.63586617
2206,533,97.6213779
2207,532,97.86281301
2208,531,97.8624622
2209,530,97.91827992
2210,529,97.98588914
2211,528,98.06590963
2212,527,98.57625373
2213,526,98.99640919
2214,525,99.41190629
2215,524,99.65281921
2216,523,100.120542
2217,522,100.5526694
2218,521,101.0102824
2219,520,101.3140854
2220,519,101.8861977
2221,518,102.1340594
2222,517,102.2824532
2223,516,102.5494074
2224,515,102.9628121
2225,514,103.1310249
2226,513,103.2728506
2227,512,103.5236841
2228,511,103.6679126
2229,510,103.7655063
2230,509,103.9090874
2231,508,103.9967912
2232,507,104.0418837
2233,506,104.1089758
2234,505,104.1635632
2235,504,104.2156354
2236,503,104.3962288
2237,502,104.5459057
2238,501,104.5385517
2239,500,104.6431347
2240,499,104.5398633
2241,498,104.5245613
2242,497,104.5148518
2243,496,104.2615863
2244,495,104.1794518
2245,494,104.0134852
2246,493,103.6480878
2247,492,103.1556335
2248,491,102.9179158
2249,490,102.6837008
2250,489,102.2270789
2251,488,102.2290936
2252,487,102.2180911
2253,486,102.0489569
2254,485,101.9263551
2255,484,101.8592211
2256,483,101.7735931
2257,482,101.908424
2258,481,101.6797653
2259,480,101.6300984
2260,479,101.841418
2261,478,102.0266488
2262,477,102.2716562
2263,476,102.1099781
2264,475,102.128036
2265,474,102.2008692
2266,473,102.2754886
2267,472,102.2021797
2268,471,102.1351747
2269,470,102.0399576
2270,469,102.0315723
2271,468,101.9928909
2272,467,102.0585457
2273,466,102.2477816
2274,465,102.239744
2275,464,102.4218487
2276,463,102.6815149
2277,462,103.0093318
2278,461,103.478573
2279,460,103.7284869
2280,459,104.2842159
2281,458,104.6832627
2282,457,105.2314406
2283,456,106.0492405
2284,455,106.6599348
2285,454,107.2770702
2286,453,107.6497203
2287,452,107.7101497
2288,451,107.5691378
2289,450,107.4070031
2290,449,106.9585778
2291,448,106.5044999
2292,447,105.7325361
2293,446,104.788825
2294,445,103.8880751
2295,444,102.744555
2296,443,101.4626369
2297,442,100.0582808
2298,441,98.8403246
2299,440,97.46468182
2300,439,96.09753327
2301,438,94.63098391
2302,437,92.92836435
2303,436,91.17440491
2304,435,89.49361143
2305,434,87.86027094
2306,433,86.21648673
2307,432,84.54616158
2308,431,82.78494625
2309,430,81.16802158
2310,429,79.60732264
2311,428,77.80684247
2312,427,76.09916143
2313,426,74.28464463
2314,425,72.82610698
2315,424,71.37282316
2316,423,70.0377532
2317,422,68.89334104
2318,421,67.79142439
2319,420,66.77345455
2320,419,65.82861838
2321,418,65.07627718
2322,417,64.41285649
2323,416,63.96567285
2324,415,63.63722632
2325,414,63.52853442
2326,413,63.5479154
2327,412,63.61942287
2328,411,63.80165315
2329,410,63.86962725
2330,409,64.30519349
2331,408,64.54558912
2332,407,65.06301697
2333,406,65.45493892
2334,405,65.43757668
2335,404,65.5665992
2336,403,65.50452112
2337,402,65.48376693
2338,401,65.47557557
2339,400,65.47994706
2340,399,65.49252646
2341,398,65.50443335
2342,397,65.51738412
2343,396,65.59608946
2344,395,65.62887693
2345,394,65.70128046
2346,393,65.70563696
2347,392,65.73153904
2348,391,65.81892263
2349,390,65.81430497
2350,389,65.92388763
2351,388,65.94757568
2352,387,66.063713
2353,386,66.06357184
2354,385,66.09341132
2355,384,66.18346752
2356,383,66.19315388
2357,382,66.2093406
2358,381,66.29190357
2359,380,66.31989046
2360,379,66.3153657
2361,378,66.36894052
2362,377,66.42860485
2363,376,66.4529495
2364,375,66.4755563
2365,374,66.46324993
2366,373,66.55418716
2367,372,66.63892718
2368,371,66.62240373
2369,370,66.59291333
2370,369,66.61159237
2371,368,66.66074875
2372,367,66.62184698
2373,366,66.58914474
2374,365,66.62518844
2375,364,66.56820631
2376,363,66.5691043
2377,362,66.47216019
2378,361,66.46216619
2379,360,66.45250266
2380,359,66.47337462
2381,358,66.52659396
2382,357,66.61200145
2383,356,66.6063955
2384,355,66.58931699
2385,354,66.68419075
2386,353,66.65592451
2387,352,66.68329103
2388,351,66.70939804
2389,350,66.73625662
2390,349,66.81872088
2391,348,66.82889668
2392,347,66.85742076
2393,346,66.8178104
2394,345,66.80278881
2395,344,66.78424415
2396,343,66.7890675
2397,342,66.80405821
2398,341,66.74161921
2399,340,66.67556699
2400,339,66.63388765
2401,338,66.52547604
2402,337,66.47550566
2403,336,66.39147425
2404,335,66.33373583
2405,334,66.27424294
2406,333,66.18083466
2407,332,66.17578965
2408,331,66.17020031
2409,330,66.10412009
2410,329,66.10017523
2411,328,66.14440722
2412,327,66.17320666
2413,326,66.21263122
2414,325,66.17578448
2415,324,66.15926165
2416,323,66.07697485
2417,322,65.98016302
2418,321,65.96712915
2419,320,65.81137582
2420,319,65.70167784
2421,318,65.68215604
2422,317,65.4892311
2423,316,65.26793453
2424,315,65.09238348
2425,314,64.76758536
2426,313,64.4858695
2427,312,64.15769054
2428,311,63.85928995
2429,310,63.26793835
2430,309,62.79168922
2431,308,62.412249
2432,307,61.82142853
2433,306,61.36502355
2434,305,61.07231867
2435,304,60.94089397
2436,303,60.98899248
2437,302,61.18113211
2438,301,61.52010791
2439,300,62.04568161
2440,299,62.73915468
2441,298,63.53955727
2442,297,64.49418124
2443,296,65.53382833
2444,295,66.73973072
2445,294,67.99128418
2446,293,69.35931832
2447,292,70.76983799
2448,291,72.2992157
2449,290,73.92782775
2450,289,75.6080495
2451,288,77.26108026
2452,287,79.02641784
2453,286,80.7934148
2454,285,82.62602285
2455,284,84.44504946
2456,283,86.27259181
2457,282,88.11602962
2458,281,89.96723638
2459,280,91.77718055
2460,279,93.62731242
2461,278,95.3857516
2462,277,97.03880791
2463,276,98.59942875
2464,275,100.0447123
2465,274,101.4499185
2466,273,102.8455128
2467,272,104.1103987
2468,271,105.2308682
2469,270,106.0956859
2470,269,106.9866747
2471,268,107.6358144
2472,267,107.9900209
2473,266,108.2940201
2474,265,108.510508
2475,264,108.5637325
2476,263,108.5453
2477,262,108.3963773
2478,261,108.1059256
2479,260,107.7376144
2480,259,107.5957316
2481,258,107.3910618
2482,257,107.130289
2483,256,107.1483679
2484,255,107.2174437
2485,254,107.2964458
2486,253,107.3360882
2487,252,107.3408453
2488,251,107.4275776
2489,250,107.5251224
2490,249,107.6244579
2491,248,107.7173644
2492,247,107.7604221
2493,246,107.7906286
2494,245,107.7798313
2495,244,107.8151623
2496,243,107.8609934
2497,242,107.8784133
2498,241,107.9010877
2499,240,107.8919271
2500,239,107.8354564
2501,238,107.7790474
2502,237,107.8009869
2503,236,107.7572112
2504,235,107.7584641
2505,234,107.7761411
2506,233,107.764045
2507,232,107.7397159
2508,231,107.7493818
2509,230,107.7722765
2510,229,107.7495433
2511,228,107.7401639
2512,227,107.7201423
2513,226,107.6991854
2514,225,107.7115312
2515,224,107.7457004
2516,223,107.8014123
2517,222,107.7706119
2518,221,107.738388
2519,220,107.7664371
2520,219,107.7634496
2521,218,107.7294764
2522,217,107.7495481
2523,216,107.7388763
2524,215,107.7697528
2525,214,107.792859
2526,213,107.8209494
2527,212,107.7675317
2528,211,107.7573846
2529,210,107.7197816
2530,209,107.6835884
2531,208,107.6341149
2532,207,107.6061602
2533,206,107.6592039
2534,205,107.5935739
2535,204,107.5153346
2536,203,107.4672675
2537,202,107.4814324
2538,201,107.5041743
2539,200,107.5040571
2540,199,107.5286503
2541,198,107.5139264
2542,197,107.4972558
2543,196,107.5254989
2544,195,107.5836184
2545,194,107.6193191
2546,193,107.6306358
2547,192,107.6395551
2548,191,107.6790029
2549,190,107.7409468
2550,189,107.7101177
2551,188,107.7153462
2552,187,107.7557839
2553,186,107.7126188
2554,185,107.7368618
2555,184,107.7807526
2556,183,107.7328213
2557,182,107.767985
2558,181,107.7947548
2559,180,107.8372113
2560,179,107.8659593
2561,178,107.874883
2562,177,107.8279497
2563,176,107.836691
2564,175,107.8846354
2565,174,107.9398078
2566,173,108.0046317
2567,172,108.0694521
2568,171,108.2115846
2569,170,108.4019661
2570,169,108.4941306
2571,168,108.5760524
2572,167,108.6241355
2573,166,108.5913303
2574,165,108.687601
2575,164,108.7187547
2576,163,108.7091964
2577,162,108.7109468
2578,161,108.8108053
2579,160,108.8310071
2580,159,108.8904297
2581,158,108.9323549
2582,157,108.96154
2583,156,109.0043932
2584,155,109.1154882
2585,154,109.3299695
2586,153,109.5337884
2587,152,109.686601
2588,151,109.7271881
2589,150,109.7455896
2590,149,109.7869812
2591,148,110.0995303
2592,147,110.2684924
2593,146,110.3305733
2594,145,110.1983716
2595,144,109.7137981
2596,143,109.1430969
2597,142,108.4933622
2598,141,107.734357
2599,140,106.9001673
2600,139,105.9023724
2601,138,104.8976289
2602,137,103.8394877
2603,136,102.6457913
2604,135,101.6087091
2605,134,100.2952058
2606,133,98.92103505
2607,132,97.47839618
2608,131,96.03662114
2609,130,94.71833483
2610,129,93.2125399
2611,128,91.66335294
2612,127,90.17557475
2613,126,88.78919199
2614,125,87.40016121
2615,124,85.95809991
2616,123,84.5605439
2617,122,83.23854464
2618,121,82.12320281
2619,120,80.78042003
2620,119,79.64479921
2621,118,78.36838173
2622,117,77.19386407
2623,116,76.16463021
2624,115,75.28810571
2625,114,74.38474499
2626,113,73.72199074
2627,112,73.18161395
2628,111,72.57597019
2629,110,72.06127123
2630,109,71.69673288
2631,108,71.40792677
2632,107,71.25626387
2633,106,71.41621155
2634,105,71.48420397
2635,104,71.51012119
2636,103,71.75186593
2637,102,72.0371175
2638,101,72.13773024
2639,100,72.56067635
2640,99,72.80220856
2641,98,73.1799375
2642,97,73.15595953
2643,96,73.12954499
2644,95,72.97833192
2645,94,72.81482771
2646,93,72.74726188
2647,92,72.74243373
2648,91,72.70724314
2649,90,72.66129452
2650,89,72.54860934
2651,88,72.43052054
2652,87,72.33174124
2653,86,72.19226548
2654,85,72.09816257
2655,84,71.77113624
2656,83,71.57211219
2657,82,71.37321839
2658,81,71.23751193
2659,80,71.04704579
2660,79,70.70031127
2661,78,70.51816549
2662,77,70.36555248
2663,76,70.0233905
2664,75,69.84710142
2665,74,69.67290427
2666,73,69.53628704
2667,72,69.47152834
2668,71,69.33148714
2669,70,69.01051435
2670,69,68.88603477
2671,68,68.54883245
2672,67,68.40999887
2673,66,68.26040402
2674,65,67.93955993
2675,64,67.83000841
2676,63,67.79640574
2677,62,67.62580604
2678,61,67.29287591
2679,60,67.3041685
2680,59,67.30178009
2681,58,67.34305418
2682,57,67.4000526
2683,56,67.48119299
2684,55,67.42644646
2685,54,67.5646358
2686,53,67.7058323
2687,52,67.68183371
2688,51,67.64480787
2689,50,67.76869155
2690,49,67.75414482
2691,48,67.92897476
2692,47,67.91397457
2693,46,67.92770234
2694,45,67.90946253
2695,44,67.91963925
2696,43,67.89536744
2697,42,67.92922939
2698,41,67.93628875
2699,40,67.9364038
2700,39,67.89961491
2701,38,67.88968989
2702,37,67.87905343
2703,36,67.8111011
2704,35,67.77122382
2705,34,67.69246723
2706,33,67.6069843
2707,32,67.55370324
2708,31,67.5589914
2709,30,67.31539519
2710,29,67.32277069
2711,28,67.32901857
2712,27,67.32977662
2713,26,67.28491639
2714,25,67.42334351
2715,24,67.37990681
2716,23,67.33762022
2717,22,67.29701277
2718,21,67.25861347
2719,20,67.22295133
2720,19,67.19055539
2721,18,67.16195465
2722,17,67.13767814
2723,16,67.11825487
2724,15,67.10421386
2725,14,67.09608413
2726,13,67.0943947
2727,12,67.09967458
2728,11,67.11245279
2729,10,67.13325835
2730,9,67.16262029
2731,8,67.20106761
2732,7,67.24912933
2733,6,67.30733448
2734,5,67.37621207
2735,4,67.45629112
2736,3,67.54810065
2737,2,67.65216968
2738,1,67.76902721
2739,0,67.89920228
